INSERT INTO PUBLIC.USER(ID, ACTIVE, CREATED, EMAIL, FAILED_LOGIN_ATTEMPTS, LASTNAME, NAME, PASSWORD) VALUES
(1, TRUE, CURRENT_TIMESTAMP, 'test@gmail.com', 0, 'Hole', 'Harry', '$2a$11$lq48O8VaHcvbygfN78SrbeJ3s7s9E2McFYT4no2HxIFg5tDFlphXS'),   
(2, TRUE, CURRENT_TIMESTAMP, 'supertest@gmail.com', 0, 'Kane', 'Morgan', '$2a$11$lq48O8VaHcvbygfN78SrbeJ3s7s9E2McFYT4no2HxIFg5tDFlphXS');

INSERT INTO PUBLIC.ROLE(ID, ACCESS_LEVEL, ROLE) VALUES
(1, 1, 'ROLE_USER'),
(2, 2, 'ROLE_ADMIN');

INSERT INTO PUBLIC.USER_ROLES(USER_ID, ROLES_ID) VALUES
(1, 2),
(2, 1);

INSERT INTO PUBLIC.ACTOR(ID, NAME) VALUES
(3, 'Samuel Jackson'),
(8, 'Eddie Muprpy'),
(12, 'Uma Thurman'); 

INSERT INTO PUBLIC.GENRE(ID, NAME) VALUES
(4, 'Action'),
(5, 'Horror'),
(9, 'Comedy');     
INSERT INTO PUBLIC.MOVIE(ID, AVERAGE_RATING, CONTENT_RATING, CREATED, DURATION, IMDB_RATING, ORGINAL_TITLE, PLOT, POSTER_URL, RELEASE_DATE, STORY_LINE, TITLE, YEAR) VALUES
(2, 5.0, NULL, DATE '2018-09-24', '120', NULL, NULL, 'Everyone kills', 'https://m.media-amazon.com/images/M/MV5BNGNhMDIzZTUtNTBlZi00MTRlLWFjM2ItYzViMjE3YzI5MjljXkEyXkFqcGdeQXVyNzkwMjQ5NzM@._V1_SY1000_CR0,0,686,1000_AL_.jpg', DATE '1994-10-21', NULL, 'Pulp fiction', NULL),
(7, 5.0, NULL, DATE '2018-09-24', '90', NULL, NULL, 'Very funny', 'https://m.media-amazon.com/images/M/MV5BNGZlNjdlZmMtYTg0MC00MmZkLWIyNDktYmNlOWYzMTkzYWQ1XkEyXkFqcGdeQXVyNDk3NzU2MTQ@._V1_SY1000_CR0,0,655,1000_AL_.jpg', DATE '1988-10-21', NULL, 'Coming to America', NULL),
(11, 5.0, NULL, DATE '2018-09-24', '180', NULL, NULL, 'Very funny', 'https://m.media-amazon.com/images/M/MV5BNzM3NDFhYTAtYmU5Mi00NGRmLTljYjgtMDkyODQ4MjNkMGY2XkEyXkFqcGdeQXVyNzkwMjQ5NzM@._V1_.jpg', DATE '2003-10-21', NULL, 'Kill Bill', NULL);
INSERT INTO PUBLIC.MOVIE_ACTORS(MOVIE_ID, ACTORS_ID) VALUES
(2, 3),
(7, 8),
(11, 12);     
-- 5 +/- SELECT COUNT(*) FROM PUBLIC.MOVIE_GENRES;             
INSERT INTO PUBLIC.MOVIE_GENRES(MOVIE_ID, GENRES_ID) VALUES
(2, 4),
(2, 5),
(7, 9),
(11, 4),
(11, 9);    
INSERT INTO PUBLIC.RATING(ID, RATING, AUTHOR_ID, MOVIE_ID) VALUES
(6, 5, 1, 2),
(10, 5, 1, 7),
(13, 6, 1, 11); 
INSERT INTO PUBLIC.COMMENT(ID, TITLE, COMMENT, CREATED, AUTHOR_ID) VALUES
(1001, 'CommentTitle1', 'CommentBody1', CURRENT_TIMESTAMP, 1),
(2002, 'CommentTitle2', 'CommentBody2', CURRENT_TIMESTAMP, 1);

INSERT INTO PUBLIC.MOVIE_COMMENTS(MOVIE_ID, COMMENTS_ID) VALUES
(2, 1001),
(2, 2002);


